Kranthi,TS 10 ED 0480,1603624527364,1234567890
Kranthi,TS 10 ED 0480,1603624602692,1234567890
Kranthi,TS 10 ED 0480,1603624700739,1234567890
Kranthi,TS 10 ED 0480,1603628033249,1234567890
Kranthi,TS 10 ED 0480,1603628062609,1234567890
Kranthi,TS 10 ED 0480,1603628123487,1234567980
Kranthi,TS 10 ED 0480,1603628305665,1234567890
Kranthi,TS 10 ED 0480,1603628386849,1234567890
Kranthi,TS 10 ED 0480,1603628462081,1234567890
Kranthi,TS 10 ED 0480,1603628527649,1234567890
Kranthi,TS 10 ED 0480,1603628614465,1234567890
Kranthi,TS 10 ED 0480,1603628742129,1234567890
Kranthi,TS 10 ED 0480,1603629454240,1234567980
